,precision,recall,f1-score,support
0,0.9789547527183444,0.977583187390543,0.9782684893094988,2855.0
1,0.5704697986577181,0.5862068965517241,0.5782312925170068,145.0
accuracy,0.9586666666666667,0.9586666666666667,0.9586666666666667,0.9586666666666667
macro avg,0.7747122756880312,0.7818950419711335,0.7782498909132528,3000.0
weighted avg,0.9592113132720808,0.9586666666666667,0.958933358131195,3000.0
